{
  "query": [
    218,
    219,
    1395
  ],
  "q0": [
    "q0",
    "q0",
    "q0"
  ],
  "docid": [
    "4983",
    "4983",
    "4983"
  ],
  "rank": [
    0,
    0,
    0
  ],
  "score": [
    0.76021814,
    0.76021814,
    0.012331017
  ],
  "system": [
    "splade",
    "splade",
    "splade"
  ]
}